AnimalName,Condition,DAPI_MeanIntensity,Signal_MeanIntensity
A01,A,49.991748046875,39.545849609375
A02,A,49.96357421875,40.08095703125
A03,A,49.931103515625,40.6083984375
A04,A,49.95693359375,41.164794921875
A05,A,49.98017578125,41.719970703125
A06,A,49.951611328125,42.2642578125
B01,B,49.95458984375,50.51416015625
B02,B,49.9728515625,51.06630859375
B03,B,49.986328125,51.615087890625
B04,B,49.954541015625,52.157470703125
B05,B,49.971142578125,52.72939453125
B06,B,49.972998046875,53.239013671875
